{
    "q1": {
        "a": 3.1299855453423674e-05,
        "p": 0.01853969358977007
    },
    "q2": {
        "a": -0.007462206666264138,
        "p": 0.023777279781211386
    },
    "rr1": {
        "a": -0.05996065600775181,
        "p": -0.05735375389922409
    },
    "rr2": {
        "a": -0.031261255685240026,
        "p": -0.012157827336341132
    },
    "cr_c1t2": {
        "a": 0.0011249862234308221,
        "p": 0.010253261972366194
    }
}