{
      "ramsey": {
            "amp": -5.63342588053741e-05,
            "freq": 0.19661909440931424,
            "decay": 1.8427835502066847,
            "phase": -0.8276330408042127,
            "offset": 2.3110672176138278e-05
      },
      "echo": {
            "amp": -5.4128844490815555e-05,
            "decay": 4.606730273411195,
            "offset": 2.6665225239194866e-05
      },
      "T1": {
            "amp": 8.867345201106879e-05,
            "decay": 39.44303127672347,
            "offset": -2.2404471536364006e-05
      }
}