{
      "amp": 1.9850979765953628e-05,
      "tau": 3.3673943338317818,
      "offset": -1.9222946446651875e-05,
      "freq": 0.9418880785847772,
      "phase": 1.9357093303181698
}