{
      "q1": {
            "0": -0.000162419537644024,
            "1": 0.00015483891959343013
      },
      "q2": {
            "0": 1.7353837208814273e-05,
            "1": 0.0006806270951012301
      },
      "q3": {
            "0": -0.0009782304671030026,
            "1": 0.00024820638673727437
      },
      "q4": {
            "0": -0.00019958344900817046,
            "1": -0.00010733504062006418
      },
      "q5": {
            "0": -1.611020505776501e-05,
            "1": 5.8182661238172066e-05
      },
      "q6": {
            "0": 4.710122551498992e-07,
            "1": 7.011943238412984e-07
      },
      "q7": {
            "0": 0,
            "1": 0
      },
      "q8": {
            "0": 0,
            "1": 0
      }
}