{
      "1": 4.01977,
      "2": 7.1848,
      "3": 3.13208,
      "4": 6.10877,
      "5": 3.88098,
      "6": 6.8694,
      "7": 1.18261,
      "8": 1.826
}