{
      "1": 1.12257,
      "2": -2.50511,
      "3": 0.00643,
      "4": 2.30435,
      "5": 0.00937,
      "6": 1.08232,
      "7": 0.48251,
      "8": 1.826
}