{
  "1": 116.063819,
  "2": 12.572432,
  "3": 102.246113,
  "4": -17.809336,
  "5": 51.559281,
  "6": -147.57083,
  "7": -131.548483,
  "8": -204.595
}