{
      "1": 240.01154000000002,
      "2": 278.506622,
      "3": 318.943,
      "4": 261.673282,
      "5": 269.469,
      "6": 70.61287,
      "7": 125.992357,
      "8": -140.3371
}