{
      "1": 7.43,
      "2": 7.43,
      "3": 7.36,
      "4": 7.36,
      "5": 7.42,
      "6": 7.42,
      "7": 7.381058,
      "8": 7.3951175
}