{
      "1": -2.352612830748158e-05,
      "2": -0.000313545568996175,
      "3": -6.084069732740163e-05,
      "4": 2.3182296944045175e-05,
      "5": 1.7061671857977033e-05,
      "6": -1.559009940904814e-06,
      "7": -6.241827534171376e-05,
      "8": 5.012815909639367e-06
}