{
  "1": 283.9117688883009,
  "2": 279.2693084384,
  "3": 307.24688506905306,
  "4": 277.64458625980944,
  "5": 281.39132624425224,
  "6": 295.8589605142012,
  "7": 263,
  "8": 263
}