{
      "rr1": 308.099,
      "rr2": 300.918,
      "rr3": -856.423080595567,
      "rr4": -3418.6265820382246,
      "rr5": -1878.8473258409397,
      "rr6": 157.284,
      "rr7": 324.658,
      "rr8": -327.3161527112929
}