{
      "1": -0.00011188153647640083,
      "2": 2.7868419219261616e-07,
      "3": -0.00013836306105279923,
      "4": 0.037657365219211564,
      "5": 6.488384853568281e-07,
      "6": 5.569887861184212e-05,
      "7": -6.241827534171376e-05,
      "8": 5.012815909639367e-06
}