{
      "rr1": -807.461979819263,
      "rr2": 106.441,
      "rr3": -2419.182097614725,
      "rr4": 202.549,
      "rr5": -843.5573610940045,
      "rr6": -2106.2037500286983,
      "rr7": 324.658,
      "rr8": -327.3161527112929
}