{
  "1": 4.34207387126399,
  "2": 7.1963474,
  "3": -1.796238612796877,
  "4": 52.38529372870033,
  "5": -1.3540278243011095,
  "6": -1.570389718674459,
  "7": 0.7,
  "8": 1.59
}