{
      "1": {
            "X360": 0.23325162581290645,
            "Y360": 0.23325162581290645,
            "X180": 0.682176088,
            "Y180": 0.682176088,
            "X90": 0.33696098,
            "Y90": 0.33696098
      },
      "2": {
            "X360": 0.8660330165082541,
            "Y360": 0.8660330165082541,
            "X180": 0.2889199054684478,
            "Y180": 0.28828033708731954,
            "X90": 0.14397971166291626,
            "Y90": 0.14416331371809904
      },
      "3": {
            "X360": 0.40014507253626813,
            "Y360": 0.40014507253626813,
            "X180": 0.20741495175033303,
            "Y180": 0.20742741877640933,
            "X90": 0.1038013979624846,
            "Y90": 0.10398155928920264
      },
      "4": {
            "X360": 0.24022511255627815,
            "Y360": 0.24022511255627815,
            "X180": 0.274332166,
            "Y180": 0.274332166,
            "X90": 0.136948474,
            "Y90": 0.136948474
      },
      "5": {
            "X360": 0.088,
            "Y360": 0.088,
            "X180": 0.13889756500651776,
            "Y180": 0.13888094358936376,
            "X90": 0.06940478782681987,
            "Y90": 0.06954197540190146
      },
      "6": {
            "X360": 0.9850900663150872,
            "Y360": 0.9850900663150872,
            "X180": 0.23065460330866763,
            "Y180": 0.23028154533992712,
            "X90": 0.11458083027093308,
            "Y90": 0.11432639849194574
      },
      "7": {
            "X360": 0.23325162581290645,
            "Y360": 0.23325162581290645,
            "X180": 0.22714165070705325,
            "Y180": 0.22507030495505403,
            "X90": 0.11339555763604978,
            "Y90": 0.11294942162792686
      },
      "8": {
            "X360": 0.23325162581290645,
            "Y360": 0.23325162581290645,
            "X180": 0.367253,
            "Y180": 0.367253,
            "X90": 0.1667133,
            "Y90": 0.1667133
      }
}