{
      "1": {
            "X360": 0.23325162581290645,
            "Y360": 0.23325162581290645,
            "X180": 0.27950407703851926,
            "Y180": 0.27950407703851926,
            "X90": 0.13865438969484742,
            "Y90": 0.13865438969484742
      },
      "2": {
            "X360": 0.23325162581290645,
            "Y360": 0.23325162581290645,
            "X180": 0.25495583812416467,
            "Y180": 0.25495583812416467,
            "X90": 0.12673054266753186,
            "Y90": 0.12673054266753186
      },
      "3": {
            "X360": 0.23325162581290645,
            "Y360": 0.23325162581290645,
            "X180": 0.2682199223627962,
            "Y180": 0.2682199223627962,
            "X90": 0.12359536290561145,
            "Y90": 0.12359536290561145
      },
      "4": {
            "X360": 0.23325162581290645,
            "Y360": 0.23325162581290645,
            "X180": 0.16020943019586714,
            "Y180": 0.16020943019586714,
            "X90": 0.08500750375187593,
            "Y90": 0.08500750375187593
      },
      "5": {
            "X360": 0.08683591795897949,
            "Y360": 0.08683591795897949,
            "X180": 0.20514711052641704,
            "Y180": 0.20514711052641704,
            "X90": 0.09870913461538462,
            "Y90": 0.09870913461538462
      },
      "6": {
            "X360": 0.23325162581290645,
            "Y360": 0.23325162581290645,
            "X180": 0.43266133066533263,
            "Y180": 0.43266133066533263,
            "X90": 0.2075432692307692,
            "Y90": 0.2075432692307692
      },
      "7": {
            "X360": 0.23325162581290645,
            "Y360": 0.23325162581290645,
            "X180": 0.4603573215828842,
            "Y180": 0.4603573215828842,
            "X90": 0.22438602927756726,
            "Y90": 0.22438602927756726
      },
      "8": {
            "X360": 0.23325162581290645,
            "Y360": 0.23325162581290645,
            "X180": 0.367253,
            "Y180": 0.367253,
            "X90": 0.1667133,
            "Y90": 0.1667133
      }
}