{
      "1": {
            "X360": 0.23325162581290645,
            "Y360": 0.23325162581290645,
            "X180": 0.43694387571514987,
            "Y180": 0.4378657231714205,
            "X90": 0.21875558322873512,
            "Y90": 0.21833011517199483
      },
      "2": {
            "X360": 0.8660330165082541,
            "Y360": 0.8660330165082541,
            "X180": 0.2652161171564881,
            "Y180": 0.26537303042683824,
            "X90": 0.13274535768980045,
            "Y90": 0.13249037362548138
      },
      "3": {
            "X360": 0.40014507253626813,
            "Y360": 0.40014507253626813,
            "X180": 0.3067767834343731,
            "Y180": 0.3067767834343731,
            "X90": 0.15338839171718655,
            "Y90": 0.15338839171718655
      },
      "4": {
            "X360": 0.24022511255627815,
            "Y360": 0.24022511255627815,
            "X180": 0.20153151684106826,
            "Y180": 0.20153151684106826,
            "X90": 0.10076575842053413,
            "Y90": 0.10076575842053413
      },
      "5": {
            "X360": 0.088,
            "Y360": 0.088,
            "X180": 0.2545720599205045,
            "Y180": 0.25449729390275944,
            "X90": 0.12631407172956627,
            "Y90": 0.12633276323400255
      },
      "6": {
            "X360": 0.9850900663150872,
            "Y360": 0.9850900663150872,
            "X180": 0.4424738839825825,
            "Y180": 0.4424738839825825,
            "X90": 0.20112449271935567,
            "Y90": 0.20112449271935567
      },
      "7": {
            "X360": 0.23325162581290645,
            "Y360": 0.23325162581290645,
            "X180": 0.22714165070705325,
            "Y180": 0.22507030495505403,
            "X90": 0.11339555763604978,
            "Y90": 0.11294942162792686
      },
      "8": {
            "X360": 0.23325162581290645,
            "Y360": 0.23325162581290645,
            "X180": 0.367253,
            "Y180": 0.367253,
            "X90": 0.1667133,
            "Y90": 0.1667133
      }
}