{
      "1": {
            "amin": 0.4016300270057055,
            "amax": 0.5433818012430133,
            "da": 0.0012886524930664344,
            "n_pulses": 5
      },
      "2": {
            "amin": 0.22218265276294674,
            "amax": 0.3006000596204573,
            "da": 0.0007841740685751061,
            "n_pulses": 5
      },
      "3": {
            "amin": 0.26076026591921714,
            "amax": 0.35279330094952904,
            "da": 0.0009203303503031192,
            "n_pulses": 5
      },
      "4": {
            "amin": 0.17130178931490803,
            "amax": 0.23176124436722847,
            "da": 0.0006045945505232048,
            "n_pulses": 5
      },
      "5": {
            "amin": 0.21173113175257607,
            "amax": 0.28645976648877935,
            "da": 0.0007472863473620332,
            "n_pulses": 5
      },
      "6": {
            "amin": 0.37610280138519514,
            "amax": 0.5088449665799699,
            "da": 0.001206746956316134,
            "n_pulses": 5
      },
      "7": {
            "amin": 0.18048857100048615,
            "amax": 0.244190419588893,
            "da": 0.0006370184858840687,
            "n_pulses": 5
      },
      "8": {
            "amin": 0.1984056095284403,
            "amax": 0.2684311187737722,
            "da": 0.0007002550924533188,
            "n_pulses": 5
      }
}