{
      "1": {
            "t_min": 100,
            "t_max": 66443.30749898017,
            "dt": 53.0
      },
      "2": {
            "t_min": 100,
            "t_max": 96078.0085016936,
            "dt": 53.0
      },
      "3": {
            "t_min": 100,
            "t_max": 95974.33528425683,
            "dt": 53.0
      },
      "4": {
            "t_min": 100,
            "t_max": 74491.39445363227,
            "dt": 53.0
      },
      "5": {
            "t_min": 100,
            "t_max": 70901.54874769805,
            "dt": 53.0
      },
      "6": {
            "t_min": 100,
            "t_max": 88154.77879130596,
            "dt": 53.0
      },
      "7": {
            "t_min": 100,
            "t_max": 130422.4442312067,
            "dt": 53.0
      },
      "8": {
            "t_min": 100,
            "t_max": 129647.81229675509,
            "dt": 53.0
      }
}