{
  "cr_c1t2": 0.5788167782851725, "cr_ac_c1t2": 0.0134,
  "cr_c1t4": 0.5586605941141475, "cr_ac_c1t4": 0.006646,
  "cr_c1t6": 0.6, "cr_ac_c1t6": 0.0,
  "cr_c3t2":  0.5, "cr_ac_c3t2": 0.0,
  "cr_c3t4": 0.3, "cr_ac_c3t4": -0.00,
  "cr_c3t6": 0.31721025593, "cr_ac_c3t6": 0.0,
  "cr_c5t2": 0.5, "cr_ac_c5t2": 0.0,
  "cr_c5t4": 0.7, "cr_ac_c5t4": 0.0,
  "cr_c5t6": 0.4, "cr_ac_c5t6": 0.0
}