{
      "cr_c1t2": 0.9168793146371326,
      "cr_ac_c1t2": 0.5937125301906344,
      "cr_c1t4": 0.6061357453424978,
      "cr_ac_c1t4": 0.3363505128814295,
      "cr_c1t6": 0.27105912772557833,
      "cr_ac_c1t6": 0.564564,
      "cr_c3t2": 0.41610529378241884,
      "cr_ac_c3t2": 0.07407,
      "cr_c3t4": 0.15369230909502143,
      "cr_ac_c3t4": 0.111111,
      "cr_c3t6": -0.33582123228475697,
      "cr_ac_c3t6": 0.38345821495289645,
      "cr_c5t2": 0.9336910243733784,
      "cr_ac_c5t2": -0.046046,
      "cr_c5t4": 0.4845290057375023,
      "cr_ac_c5t4": -0.245245,
      "cr_c5t6": 0.6613914007594115,
      "cr_ac_c5t6": 0.075075
}