{
      "1": {
            "alpha": 1.05378,
            "det": 0
      },
      "2": {
            "alpha": -6.9737,
            "det": 0
      },
      "3": {
            "alpha": 0.45488311,
            "det": 0
      },
      "4": {
            "alpha": 0.8261399999999999,
            "det": 0
      },
      "5": {
            "alpha": -3.700838303712,
            "det": 0
      },
      "6": {
            "alpha": -3.57227642,
            "det": 0
      },
      "7": {
            "alpha": 1,
            "det": 0
      },
      "8": {
            "alpha": 1,
            "det": 0
      }
}