{
      "4": {
            "t_max": 640161.9603081674,
            "dt": 100.0,
            "t_min": 16
      },
      "2": {
            "t_max": 161978.25831775725,
            "dt": 100.0,
            "t_min": 16
      },
      "5": {
            "t_max": 39247.67733838488,
            "dt": 100.0,
            "t_min": 16
      },
      "6": {
            "t_max": 145426.5668717756,
            "dt": 100.0,
            "t_min": 16
      },
      "3": {
            "t_max": 63320.892032621996,
            "dt": 100.0,
            "t_min": 16
      },
      "1": {
            "t_max": 180294.81208058467,
            "dt": 100.0,
            "t_min": 16
      },
      "7": {
            "t_max": 267132.1304542495,
            "dt": 100.0,
            "t_min": 16
      },
      "8": {
            "t_max": 131152.71770161224,
            "dt": 100.0,
            "t_min": 16
      }
}