{
    "con1": {
        "1": -0.03025285383026235,
        "2": -0.0052611801171030224,
        "3": -0.02747389306362789,
        "4": -0.012203189992545181,
        "5": 0.0,
        "6": 0.0,
        "7": 0.013302982429377153,
        "8": -0.0008114412565191711,
        "9": 0.0036455506103266087,
        "10": 0.013629751794178448
    },
    "con2": {
        "1": 0.0,
        "2": 0.0,
        "3": 0.0,
        "4": 0.0,
        "5": 0.0,
        "6": 0.0,
        "7": 0.0,
        "8": 0.0,
        "9": 0.0,
        "10": 0.0
    }
}