{
      "ramsey": {
            "amp": 1.3144500171343704e-05,
            "freq": 0.1880163981343999,
            "decay": 5.819492446843292,
            "phase": 1.764946448630205,
            "offset": -1.640213648390295e-05
      },
      "echo": {
            "amp": -1.2053288688430753e-05,
            "decay": 9.47769671468382,
            "offset": -1.618156902239582e-05
      },
      "T1": {
            "amp": 2.4275814652138134e-05,
            "decay": 5.298689166939223,
            "offset": -2.766084864689366e-05
      }
}