{
      "X180": {
            "power0": -0.11912585018475637,
            "power1": 0.14882744559786845,
            "power2": -0.06943976350873265,
            "power3": 0.014346529670298177,
            "power4": -0.0011820826214699507,
            "gate_amp": 0.35174149856250386
      },
      "X90": {
            "power0": -0.7880943205115752,
            "power1": 0.5878481805137655,
            "power2": -0.16063315568269038,
            "power3": 0.019132612429556682,
            "power4": -0.000914524697743734,
            "gate_amp": 0.1471819607371801
      },
      "Y180": {
            "power0": -1.4122243266506913,
            "power1": 1.8326118191941365,
            "power2": -0.8889554006035896,
            "power3": 0.1910780331418548,
            "power4": -0.015434151325410636,
            "gate_amp": 0.3596573014216541
      },
      "Y90": {
            "power0": -6.949061346774322,
            "power1": 3.8683957189766436,
            "power2": -0.7885650962034467,
            "power3": 0.06929064787714824,
            "power4": -0.0022658666968927463,
            "gate_amp": 0.1358599639204561
      }
}