{
      "fit_data_I": {
            "amp": -7.169402566091952e-05,
            "omega": 0.13006732965774845,
            "phase": -0.1294354737143819,
            "offset": -5.2390734383145785e-05,
            "freq": 0.020700858449793746,
            "period": 48.30717539687169,
            "maxcov": 0.0006544494907416264
      },
      "fit_data_Q": {
            "amp": -2.6801321162697156e-06,
            "omega": 0.12995659416593702,
            "phase": -0.18036963281733548,
            "offset": 0.0003676351579429351,
            "freq": 0.020683234348896243,
            "period": 48.34833774696194,
            "maxcov": 0.07915654886866665
      }
}