{
      "Pi": {
            "power0": 3278.8995490726984,
            "power1": -4135.884410592462,
            "power2": 1955.4201696483867,
            "power3": -410.70401219155434,
            "power4": 32.3332662760062,
            "gate_amp": 0.3154434874156668
      },
      "Piby2": {
            "power0": 55457.21489909519,
            "power1": -34988.80999233024,
            "power2": 8274.752501302979,
            "power3": -869.404189926953,
            "power4": 34.24082961027683,
            "gate_amp": 0.1576837455262809
      }
}