{
      "1": 5.64008,
      "2": 5.64008,
      "3": 3.19248,
      "4": 9.65729,
      "5": 3.90393,
      "6": 6.08267,
      "7": 1.18261,
      "8": 1.826
}