{
      "1": NaN,
      "2": -0.54037,
      "3": 0.67528,
      "4": 5.03222,
      "5": 0.67668,
      "6": 0.63005,
      "7": 0.48251,
      "8": 1.826
}