{
      "1": 335.130256,
      "2": 232.040506,
      "3": 319.918285,
      "4": 214.166433,
      "5": 274.45102,
      "6": 74.901837,
      "7": 125.992357,
      "8": -140.3371
}