{
      "1": 68.45418,
      "2": 73.78559,
      "3": 59.58404,
      "4": 65.14932,
      "5": 37.01472,
      "6": 78.37617
}