{
      "ramsey": {
            "amp": 1.1445198010389115e-05,
            "freq": 0.19989449629691322,
            "decay": 14.55576549782962,
            "phase": 1.7099960995251362,
            "offset": 1.8690666430248048e-06
      },
      "echo": {
            "amp": -1.0082187927223907e-05,
            "decay": 29.86825661842248,
            "offset": 1.7368415956644362e-06
      },
      "T1": {
            "amp": 1.951400226371469e-05,
            "decay": 31.999779039462794,
            "offset": -8.573404740796572e-06
      }
}