{
      "X180": {
            "power0": -1.0450135975046368,
            "power1": 0.6133446256283223,
            "power2": -0.1345417230341967,
            "power3": 0.013072586860579445,
            "power4": -0.0005252992739431507,
            "gate_amp": 0.16164699301327506
      },
      "X90": {
            "power0": -10.468712953625541,
            "power1": 2.964272759311166,
            "power2": -0.3134646095058949,
            "power3": 0.014675295407168774,
            "power4": -0.00030622650042357675,
            "gate_amp": 0.07932308064068626
      },
      "Y180": {
            "power0": 0.15366498648414945,
            "power1": -0.12888266158213837,
            "power2": 0.03706643217281852,
            "power3": -0.004476847980030905,
            "power4": 0.00014480068410476757,
            "gate_amp": 0.16153747360700124
      },
      "Y90": {
            "power0": 857.016724146742,
            "power1": -248.77895848175828,
            "power2": 26.99477137870951,
            "power3": -1.29760419737847,
            "power4": 0.023263938928335032,
            "gate_amp": 0.08392289570418648
      }
}