{
      "fit_data_I": {
            "amp": 1.9917555502928907e-05,
            "omega": 0.03200202092401265,
            "phase": -0.04640995562741114,
            "offset": -3.1927179710316365e-05,
            "freq": 0.0050932798189868775,
            "period": 196.33714139799875,
            "maxcov": 0.0009728956843454541
      },
      "fit_data_Q": {
            "amp": -1.2419994358687616e-05,
            "omega": 0.03199639157466312,
            "phase": -0.06008409139841261,
            "offset": -7.080876563557954e-05,
            "freq": 0.0050923838802115085,
            "period": 196.37168436690317,
            "maxcov": 0.0021082195334486678
      }
}