{
      "amp": 8.541876773345144e-07,
      "tau": 19.047445017740607,
      "offset": -4.817992867460839e-05,
      "freq": 1.036136993898433,
      "phase": 2.109236844440545
}