{
    "con1": {
        "1": 0.2797993843267332,
        "2": 0.3073443445609794
    },
    "con2": {
        "1": 0.27556879057891304,
        "2": 0.24691682217854574
    },
    "con3": {
        "1": 0.20573352632138728,
        "2": 0.23505859116183073
    }
}