{
    "con1": {
        "1": -0.03083439702247772,
        "2": -0.004720992683796107,
        "3": -0.02451770433602865,
        "4": -0.00649101406074666,
        "5": 0.008401287698433908,
        "6": 0.0047172025727015305,
        "7": -0.01004958944627166,
        "8": 0.004911278856552271,
        "9": 0.012872501412604386,
        "10": 0.0006650660571278712
    },
    "con2": {
        "1": -0.01604968551023483,
        "2": -0.03165678591712568,
        "3": -0.005325336646368187,
        "4": -0.029158893502065818,
        "5": 0.0,
        "6": 0.0,
        "7": 0.00906934105953246,
        "8": -0.00014382864746330617,
        "9": -0.0021926511405357422,
        "10": -0.0032539265543891876
    },
    "con3": {
        "1": 0.002799552323825925,
        "2": -0.0009092154522149802,
        "3": -0.0024951149219983723,
        "4": 0.0015711993641684767,
        "5": -0.0002090710667964095,
        "6": -0.0043554795748769115,
        "7": -0.008173640250929802,
        "8": -0.0020042926132677924,
        "9": -0.011041226497062144,
        "10": -0.0075079203042352684
    }
}