{
    "q1": {
        "a": -0.018495774290707912,
        "p": 0.07809600244501266
    },
    "q2": {
        "a": -0.04518532294510731,
        "p": -0.003940966937333832
    },
    "rr1": {
        "a": -0.0939632068476208,
        "p": -0.16636774983367203
    },
    "rr2": {
        "a": -0.22701562500000003,
        "p": -0.04767055421421141
    },
    "q3": {
        "a": 0.018545648061133947,
        "p": 0.04311582595481887
    },
    "q4": {
        "a": -0.0029700673197238644,
        "p": 0.10999054870793068
    },
    "q5": {
        "a": 0.0036455915817022867,
        "p": 0.08496693828143277
    },
    "q6": {
        "a": 0.015210721347052706,
        "p": 0.07201715298445685
    },
    "q7": {
        "a": 0.05153126346609653,
        "p": 0.03863350032948423
    },
    "q8": {
        "a": 0.057219556116760995,
        "p": 0.054850968707798486
    },
    "rr3": {
        "a": -0.07655822753906172,
        "p": -0.1343119960488382
    },
    "rr4": {
        "a": -0.10222485672319306,
        "p": -0.13514046890660913
    },
    "rr5": {
        "a": -0.0701355317457511,
        "p": 0.07992654942313365
    },
    "rr6": {
        "a": -0.029382771984154205,
        "p": 0.23366656745098408
    },
    "rr7": {
        "a": -0.3,
        "p": 0.046501308927381135
    },
    "rr8": {
        "a": -0.2999999999999997,
        "p": 0.04217805798401917
    },
    "cr_c1t2": {
        "a": 0.005510825862736206,
        "p": 0.05732840838636588
    },
    "cr_c1t4": {
        "a": 0.003253619207091566,
        "p": 0.04967633604461412
    },
    "cr_c1t6": {
        "a": 0.0043474197954662995,
        "p": 0.044007350287299116
    },
    "cr_c3t2": {
        "a": -0.005233368548976495,
        "p": 0.040072175701973564
    },
    "cr_c3t4": {
        "a": -0.0034103201963080142,
        "p": 0.03833670196034292
    },
    "cr_c3t6": {
        "a": -0.005079774407411144,
        "p": 0.039981019986126985
    },
    "cr_c5t2": {
        "a": 0.03978195553849221,
        "p": 0.06797694477223559
    },
    "cr_c5t4": {
        "a": 0.045334771243688024,
        "p": 0.06872465149837809
    },
    "cr_c5t6": {
        "a": 0.038769173239998074,
        "p": 0.06684247718862024
    },
    "cr_ac_c1t2": {
        "a": -0.022862511311820898,
        "p": -0.015337385878423024
    },
    "cr_ac_c1t4": {
        "a": -0.06237850549035144,
        "p": 0.0009409446523001574
    },
    "cr_ac_c1t6": {
        "a": 0.0008028691469632954,
        "p": -0.06947925478133071
    },
    "cr_ac_c3t2": {
        "a": 0.001955331736334286,
        "p": -0.05280588188031582
    },
    "cr_ac_c3t4": {
        "a": -0.06237850549035144,
        "p": 0.0009409446523001574
    },
    "cr_ac_c3t6": {
        "a": 0.0008028691469632954,
        "p": -0.06947925478133071
    },
    "cr_ac_c5t2": {
        "a": 0.001955331736334286,
        "p": -0.05280588188031582
    },
    "cr_ac_c5t4": {
        "a": -0.06237850549035144,
        "p": 0.0009409446523001574
    },
    "cr_ac_c5t6": {
        "a": 0.0008028691469632954,
        "p": -0.06947925478133071
    },
    "stark_1": {
        "a": 0.012150504906515636,
        "p": -0.0006980976205197764
    },
    "stark_2": {
        "a": 0.002715941720049385,
        "p": -0.04995361443696139
    },
    "stark_3": {
        "a": -0.02651725646827572,
        "p": 0.00665897676222188
    },
    "stark_4": {
        "a": 0.002715941720049385,
        "p": -0.04995361443696139
    },
    "stark_5": {
        "a": 0.002715941720049385,
        "p": -0.04995361443696139
    },
    "stark_6": {
        "a": -0.005400416053296788,
        "p": -0.017714681458694453
    },
    "stark_7": {
        "a": 0.002715941720049385,
        "p": -0.04995361443696139
    },
    "stark_8": {
        "a": 0.002715941720049385,
        "p": -0.04995361443696139
    },
    "q12_1": {
        "a": 0.012150504906515636,
        "p": -0.0006980976205197764
    },
    "q12_2": {
        "a": 0.002715941720049385,
        "p": -0.04995361443696139
    },
    "q12_3": {
        "a": -0.02651725646827572,
        "p": 0.00665897676222188
    },
    "q12_4": {
        "a": 0.002715941720049385,
        "p": -0.04995361443696139
    },
    "q12_5": {
        "a": 0.002715941720049385,
        "p": -0.04995361443696139
    },
    "q12_6": {
        "a": 0.002715941720049385,
        "p": -0.04995361443696139
    },
    "q12_7": {
        "a": 0.002715941720049385,
        "p": -0.04995361443696139
    },
    "q12_8": {
        "a": 0.002715941720049385,
        "p": -0.04995361443696139
    }
}